{
    "accuracy": [
        0.834330141544342,
        0.945574164390564,
        0.9694121479988098,
        0.9747095108032227,
        0.9865003228187561
    ],
    "loss": [
        0.39673876762390137,
        0.13677166402339935,
        0.08446235209703445,
        0.06695051491260529,
        0.03742719069123268
    ],
    "val_accuracy": [
        0.8947368264198303,
        0.9603554606437683,
        0.9627477526664734,
        0.9617224931716919,
        0.9675324559211731
    ],
    "val_loss": [
        0.27860841155052185,
        0.10957140475511551,
        0.09694664180278778,
        0.10888481885194778,
        0.1066007912158966
    ]
}