{
    "accuracy": [
        0.8626110553741455,
        0.9550922513008118,
        0.9754613637924194,
        0.9801777005195618,
        0.9876965284347534
    ],
    "loss": [
        0.33021339774131775,
        0.1226036474108696,
        0.06821402907371521,
        0.05931949242949486,
        0.03439958766102791
    ],
    "val_accuracy": [
        0.9453333616256714,
        0.9586666822433472,
        0.9039999842643738,
        0.9613333344459534,
        0.9679999947547913
    ],
    "val_loss": [
        0.15248410403728485,
        0.10890394449234009,
        0.32800084352493286,
        0.12990719079971313,
        0.10337501764297485
    ]
}