{
    "accuracy": [
        0.8397983312606812,
        0.9590738415718079,
        0.9713773131370544,
        0.9809466600418091,
        0.9876110553741455
    ],
    "loss": [
        0.3860313296318054,
        0.11299646645784378,
        0.07963481545448303,
        0.04781371355056763,
        0.033385954797267914
    ],
    "val_accuracy": [
        0.9565960168838501,
        0.951127827167511,
        0.9507860541343689,
        0.9682160019874573,
        0.970266580581665
    ],
    "val_loss": [
        0.12973976135253906,
        0.1370907425880432,
        0.14749936759471893,
        0.09407752007246017,
        0.09158734232187271
    ]
}