{
    "accuracy": [
        0.8398838043212891,
        0.9520676732063293
    ],
    "loss": [
        0.3875356614589691,
        0.13405437767505646
    ],
    "val_accuracy": [
        0.9340396523475647,
        0.9654818773269653
    ],
    "val_loss": [
        0.19187220931053162,
        0.10063106566667557
    ]
}